"Reference","Qty","Value","Footprint","JLCPCB Part #"
"C1,C2,C3,C5,C7","5","10u","Capacitor_SMD:C_0402_1005Metric",""
"C4","1","47n","Capacitor_SMD:C_0402_1005Metric",""
"C8","1","4u7","Capacitor_SMD:C_0402_1005Metric",""
"C9","1","1u","Capacitor_SMD:C_0402_1005Metric",""
"C10,C11","2","10u","Capacitor_SMD:C_0805_2012Metric",""
"C12","1","10n","Capacitor_SMD:C_01005_0402Metric",""
"C13","1","2u2","Capacitor_SMD:C_0402_1005Metric",""
"C19","1","4.7u","Capacitor_SMD:C_0402_1005Metric",""
"C21,C32","2","10p","Capacitor_SMD:C_0402_1005Metric",""
"C22,C23","2","1uF,2.2uF","Capacitor_SMD:C_01005_0402Metric,Capacitor_SMD:C_0402_1005Metric",""
"C24","1","10u","Capacitor_SMD:C_01005_0402Metric",""
"C25","1","100nF,470u/25V","Capacitor_SMD:C_01005_0402Metric,Capacitor_SMD:C_0603_1608Metric_Pad1.08x0.95mm_HandSolder",""
"C26,C28,C30","3","10uF","Capacitor_SMD:C_0402_1005Metric",""
"C31,C33","2","100n","Capacitor_SMD:C_0603_1608Metric",""
"D4","1","SMAJ5.0A","Diode_SMD:D_SMA",""
"F1","1","Fuse","Fuse:Fuse_1812_4532Metric",""
"J1","1","Conn_01x03","Connector_Audio:Jack_XLR_Neutrik_NC3FAAH_Horizontal",""
"J2","1","Conn_ST_STDC14,USB_C_Receptacle_USB2.0_16P","Connector_PinHeader_1.27mm:PinHeader_2x07_P1.27mm_Vertical_SMD,Connector_USB:USB_C_Receptacle_HRO_TYPE-C-31-M-12",""
"J4,J5","2","Conn_01x06","Connector_JST:JST_VH_S6P-VH_1x06_P3.96mm_Horizontal",""
"J6","1","Conn_01x02,Conn_01x06","Connector_JST:JST_PH_S2B-PH-K_1x02_P2.00mm_Horizontal,Connector_PinHeader_2.54mm:PinHeader_1x06_P2.54mm_Vertical",""
"J7,J8","2","Conn_01x06","Connector_PinHeader_2.54mm:PinHeader_1x06_P2.54mm_Vertical",""
"L1","1","1u","",""
"Q1","1","2SK3019","Package_TO_SOT_SMD:SOT-523",""
"Q2","1","MMDT5401","Package_TO_SOT_SMD:SOT-363_SC-70-6",""
"Q3","1","DMP3099L","Package_TO_SOT_SMD:SOT-23",""
"R1","1","2k2","Resistor_SMD:R_0402_1005Metric",""
"R2,R3","2","1.5k","Resistor_SMD:R_01005_0402Metric",""
"R5,R7,R8,R13,R19","5","10k","Resistor_SMD:R_01005_0402Metric",""
"R6","1","470","Resistor_SMD:R_01005_0402Metric",""
"R9,R10","2","5k1","Resistor_SMD:R_0402_1005Metric",""
"R11","1","10k","Resistor_SMD:R_0402_1005Metric",""
"R12","1","10m","Resistor_SMD:R_1206_3216Metric",""
"R16","1","200m","Resistor_SMD:R_0201_0603Metric",""
"R17,R20","2","100k,200m","Resistor_SMD:R_0201_0603Metric,Resistor_SMD:R_0402_1005Metric",""
"R18","1","100,10k,4.7k","Resistor_SMD:R_01005_0402Metric,Resistor_SMD:R_0201_0603Metric,Resistor_SMD:R_0402_1005Metric",""
"R19","1","4.7k","Resistor_SMD:R_0402_1005Metric",""
"U1","1","BQ25896RTW","Package_DFN_QFN:Texas_RTW_WQFN-24-1EP_4x4mm_P0.5mm_EP2.7x2.7mm_ThermalVias",""
"U2","1","AP2112K-3.3","Package_TO_SOT_SMD:SOT-23-5",""
"U3","1","BQ27220YZFR","Package_BGA:Texas_DSBGA-9_1.62x1.58mm_Layout3x3_P0.5mm",""
"U4","1","STM32G431RBTx","Package_QFP:LQFP-64_10x10mm_P0.5mm",""
"U5","1","DRV8833PWP","Package_SO:HTSSOP-16-1EP_4.4x5mm_P0.65mm_EP3.4x5mm_Mask2.46x2.31mm_ThermalVias",""
"D1","1","LED,STATUS","LED_SMD:LED_0201_0603Metric,LED_SMD:LED_0603_1608Metric","C2286"
"D2","1","D,POWER","Diode_SMD:D_SOD-523,LED_SMD:LED_0603_1608Metric","C2286"
"R4","1","1k,4k7","Resistor_SMD:R_01005_0402Metric,Resistor_SMD:R_0402_1005Metric","C11702"
"C15,C16,C17,C18,C27,C29","6","100nF","Capacitor_SMD:C_0402_1005Metric","C1525"
"R3","1","1k","Resistor_SMD:R_0402_1005Metric","C11702"
"Y1","1","16MHz","Crystal:Crystal_SMD_EuroQuartz_MT-4Pin_3.2x2.5mm","C13738"
"C20","1","10n","Capacitor_SMD:C_0402_1005Metric","C15195"
"C14","1","1µ","Capacitor_SMD:C_0402_1005Metric","C52923"
